id,name,birthday,party_name1,memo,election_name,district,type_name,position_name,party_name2
201309000001,강석훈,19640815,새누리당,,제19대 국회의원 선거,서울특별시 서초구 을,국회의원,서울특별시 서초구 을 국회의원,새누리당,,
201309000002,길정우,19550204,새누리당,,제19대 국회의원 선거,서울특별시 양천구 갑,국회의원,서울특별시 양천구 갑 국회의원,새누리당,,
201309000003,김성태,19580523,새누리당,제18대 국회의원,제19대 국회의원 선거,서울특별시 강서구 을,국회의원,서울특별시 강서구 을 국회의원,새누리당,,
201309000004,김영주,19550727,민주당,제17대 국회의원,제19대 국회의원 선거,서울특별시 영등포구 갑,국회의원,서울특별시 영등포구 갑 국회의원,민주통합당,,
201309000005,김용태,19680326,새누리당,제18대 국회의원,제19대 국회의원 선거,서울특별시 양천구 을,국회의원,서울특별시 양천구 을 국회의원,새누리당,,
201309000006,김을동,19450905,새누리당,제18대 국회의원,제19대 국회의원 선거,서울특별시 송파구 병,국회의원,서울특별시 송파구 병 국회의원,새누리당,,
201309000007,김종훈,19520505,새누리당,,제19대 국회의원 선거,서울특별시 강남구 을,국회의원,서울특별시 강남구 을 국회의원,새누리당,,
201309000008,김한길,19530917,민주당,필,제19대 국회의원 선거,서울특별시 광진구 갑,국회의원,서울특별시 광진구 갑 국회의원,민주통합당,,
201309000009,김회선,19550503,새누리당,,제19대 국회의원 선거,서울특별시 서초구 갑,국회의원,서울특별시 서초구 갑 국회의원,새누리당,,
201309000010,노웅래,19570803,민주당,제17대 국회의원,제19대 국회의원 선거,서울특별시 마포구 갑,국회의원,서울특별시 마포구 갑 국회의원,민주통합당,,
201309000011,민병두,19580610,민주당,제17대 국회의원,제19대 국회의원 선거,서울특별시 동대문구 을,국회의원,서울특별시 동대문구 을 국회의원,민주통합당,,
201309000012,박영선,19600122,민주당,"제17대 국회의원, 제18대 국회의원",제19대 국회의원 선거,서울특별시 구로구 을,국회의원,서울특별시 구로구 을 국회의원,민주통합당,,
201309000013,박인숙,19481110,새누리당,,제19대 국회의원 선거,서울특별시 송파구 갑,국회의원,서울특별시 송파구 갑 국회의원,새누리당,,
201309000014,박홍근,19691008,민주당,,제19대 국회의원 선거,서울특별시 중랑구 을,국회의원,서울특별시 중랑구 을 국회의원,민주통합당,,
201309000015,서영교,19641111,민주당,,제19대 국회의원 선거,서울특별시 중랑구 갑,국회의원,서울특별시 중랑구 갑 국회의원,민주통합당,,
201309000016,신경민,19530819,민주당,,제19대 국회의원 선거,서울특별시 영등포구 을,국회의원,서울특별시 영등포구 을 국회의원,민주통합당,,
201309000017,신계륜,19540813,민주당,"제17대 국회의원, 제16대 국회의원, 제14대 국회의원",제19대 국회의원 선거,서울특별시 성북구 을,국회의원,서울특별시 성북구 을 국회의원,민주통합당,,
201309000018,신기남,19521016,민주당,"제17대 국회의원, 제16대 국회의원, 제15대 국회의원",제19대 국회의원 선거,서울특별시 강서구 갑,국회의원,서울특별시 강서구 갑 국회의원,민주통합당,,
201309000019,신동우,19530606,새누리당,,제19대 국회의원 선거,서울특별시 강동구 갑,국회의원,서울특별시 강동구 갑 국회의원,새누리당,,
201309000020,심윤조,19540726,새누리당,,제19대 국회의원 선거,서울특별시 강남구 갑,국회의원,서울특별시 강남구 갑 국회의원,새누리당,,
201309000021,심재권,19460815,민주당,제16대 국회의원,제19대 국회의원 선거,서울특별시 강동구 을,국회의원,서울특별시 강동구 을 국회의원,민주통합당,,
201309000022,안규백,19610429,민주당,제18대 국회의원,제19대 국회의원 선거,서울특별시 동대문구 갑,국회의원,서울특별시 동대문구 갑 국회의원,민주통합당,,
201309000023,안철수,19620122,무소속,,제19대 국회의원 선거,서울특별시 노원구 병,국회의원,서울특별시 노원구 병 국회의원,무소속,,
201309000024,오영식,19670228,민주당,"제17대 국회의원, 제16대 국회의원",제19대 국회의원 선거,서울특별시 강북구 갑,국회의원,서울특별시 강북구 갑 국회의원,민주통합당,,
201309000025,우상호,19621219,민주당,제17대 국회의원,제19대 국회의원 선거,서울특별시 서대문구 갑,국회의원,서울특별시 서대문구 갑 국회의원,민주통합당,,
201309000026,우원식,19570918,민주당,제17대 국회의원,제19대 국회의원 선거,서울특별시 노원구 을,국회의원,서울특별시 노원구 을 국회의원,민주통합당,,
201309000027,유기홍,19580611,민주당,제17대 국회의원,제19대 국회의원 선거,서울특별시 관악구 갑,국회의원,서울특별시 관악구 갑 국회의원,민주통합당,,
201309000028,유대운,19500110,민주당,,제19대 국회의원 선거,서울특별시 강북구 을,국회의원,서울특별시 강북구 을 국회의원,민주통합당,,
201309000029,유승희,19600426,민주당,제17대 국회의원,제19대 국회의원 선거,서울특별시 성북구 갑,국회의원,서울특별시 성북구 갑 국회의원,민주통합당,,
201309000030,유인태,19480905,민주당,"제17대 국회의원, 제14대 국회의원",제19대 국회의원 선거,서울특별시 도봉구 을,국회의원,서울특별시 도봉구 을 국회의원,민주통합당,,
201309000031,유일호,19550330,새누리당,제18대 국회의원,제19대 국회의원 선거,서울특별시 송파구 을,국회의원,서울특별시 송파구 을 국회의원,새누리당,,
201309000032,이노근,19540309,새누리당,,제19대 국회의원 선거,서울특별시 노원구 갑,국회의원,서울특별시 노원구 갑 국회의원,새누리당,,
201309000033,이목희,19530910,민주당,제17대 국회의원,제19대 국회의원 선거,서울특별시 금천구,국회의원,서울특별시 금천구 국회의원,민주통합당,,
201309000034,이미경,19500920,민주당,"제18대 국회의원, 제17대 국회의원, 제16대 국회의원, 제15대 국회의원",제19대 국회의원 선거,서울특별시 은평구 갑,국회의원,서울특별시 은평구 갑 국회의원,민주통합당,,
201309000035,이상규,19650107,통합진보당,,제19대 국회의원 선거,서울특별시 관악구 을,국회의원,서울특별시 관악구 을 국회의원,통합진보당,,
201309000036,이인영,19640628,민주당,제17대 국회의원,제19대 국회의원 선거,서울특별시 구로구 갑,국회의원,서울특별시 구로구 갑 국회의원,민주통합당,,
201309000037,이재오,19450111,새누리당,"제18대 국회의원, 제17대 국회의원, 제16대 국회의원, 제15대 국회의원",제19대 국회의원 선거,서울특별시 은평구 을,국회의원,서울특별시 은평구 을 국회의원,새누리당,,
201309000038,인재근,19531111,민주당,,제19대 국회의원 선거,서울특별시 도봉구 갑,국회의원,서울특별시 도봉구 갑 국회의원,민주통합당,,
201309000039,전병헌,19580317,민주당,"제17대 국회의원, 제18대 국회의원",제19대 국회의원 선거,서울특별시 동작구 갑,국회의원,서울특별시 동작구 갑 국회의원,민주통합당,,
201309000040,정두언,19570306,새누리당,"제17대 국회의원, 제18대 국회의원",제19대 국회의원 선거,서울특별시 서대문구 을,국회의원,서울특별시 서대문구 을 국회의원,새누리당,,
201309000041,정몽준,19511017,새누리당,"제18대 국회의원, 제17대 국회의원, 제16대 국회의원, 제15대 국회의원, 제14대 국회의원, 제13대 국회의원",제19대 국회의원 선거,서울특별시 동작구 을,국회의원,서울특별시 동작구 을 국회의원,새누리당,,
201309000042,정세균,19500926,민주당,"제18대 국회의원, 제17대 국회의원, 제16대 국회의원, 제15대 국회의원",제19대 국회의원 선거,서울특별시 종로구,국회의원,서울특별시 종로구 국회의원,민주통합당,,
201309000043,정청래,19650418,민주당,제17대 국회의원,제19대 국회의원 선거,서울특별시 마포구 을,국회의원,서울특별시 마포구 을 국회의원,민주통합당,,
201309000044,정호준,19710219,민주당,,제19대 국회의원 선거,서울특별시 중구,국회의원,서울특별시 중구 국회의원,민주통합당,,
201309000045,진영,19501023,새누리당,"제17대 국회의원, 제18대 국회의원",제19대 국회의원 선거,서울특별시 용산구,국회의원,서울특별시 용산구 국회의원,새누리당,,
201309000046,최재천,19631119,민주당,제17대 국회의원,제19대 국회의원 선거,서울특별시 성동구 갑,국회의원,서울특별시 성동구 갑 국회의원,민주통합당,,
201309000047,추미애,19581023,민주당,"제18대 국회의원, 제16대 국회의원, 제15대 국회의원",제19대 국회의원 선거,서울특별시 광진구 을,국회의원,서울특별시 광진구 을 국회의원,민주통합당,,
201309000048,홍익표,19671120,민주당,,제19대 국회의원 선거,서울특별시 성동구 을,국회의원,서울특별시 성동구 을 국회의원,민주통합당,,
201309000049,박근혜,19520202,새누리당,"제18대 국회의원, 제17대 국회의원, 제16대 국회의원, 제15대 국회의원, 제19대 국회의원",제 18대 대통령 선거,대한민국,대통령,제 18대 대통령,새누리당,,
201309000050,강운태,19481115,민주당,,제 5회 전국동시지방 선거,광주광역시,시·도지사,광주광역시장,민주당,,
201309000051,김관용,19421129,새누리당,"제3대 경상북도 구미시 시장, 제2대 경상북도 구미시 시장, 제1대 경상북도 구미시 시장",제 5회 전국동시지방 선거,경상북도,시·도지사,경상북도지사,새누리당,,
201309000052,김문수,19510827,새누리당,"제17대 국회의원, 제16대 국회의원, 제15대 국회의원",제 5회 전국동시지방 선거,경기도,시·도지사,경기도지사,새누리당,,
201309000053,김범일,19501021,새누리당,,제 5회 전국동시지방 선거,대구광역시,시·도지사,대구광역시장,새누리당,,
201309000054,김완주,19460525,민주당,제32대 전라북도 도지사,제 5회 전국동시지방 선거,전라북도,시·도지사,전라북도지사,민주당,,
201309000055,박맹우,19511206,새누리당,"제4대 울산광역시 시장, 제3대 울산광역시 시장",제 5회 전국동시지방 선거,울산광역시,시·도지사,울산광역시장,새누리당,,
201309000056,박원순,19560326,민주당,,제 5회 전국동시지방 선거,서울특별시,시·도지사,서울특별시장,무소속,,
201309000057,박준영,19461021,민주당,,제 5회 전국동시지방 선거,전라남도,시·도지사,전라남도지사,민주당,,
201309000058,송영길,19630321,민주당,"제18대 국회의원, 제17대 국회의원, 제16대 국회의원",제 5회 전국동시지방 선거,인천광역시,시·도지사,인천광역시장,민주당,,
201309000059,안희정,19650501,민주당,,제 5회 전국동시지방 선거,충청남도,시·도지사,충청남도지사,민주당,,
201309000060,염홍철,19440906,새누리당,제15대 국회의원,제 5회 전국동시지방 선거,대전광역시,시·도지사,대전광역시장,자유선진당,,
201309000061,우근민,19421104,무소속,"제33대 제주특별자치도 도지사, 제32대 제주특별자치도 도지사",제 5회 전국동시지방 선거,제주특별자치도,시·도지사,제주특별자치도지사,무소속,,
201309000062,유한식,19490620,새누리당,"제36대 연기군수, 제35대 연기군수",제 5회 전국동시지방 선거,세종특별자치시,시·도지사,세종특별자치시장,자유선진당,,
201309000063,최문순,19470418,민주당,"제18대 국회의원, 제17대 국회의원, 제3대 충주시 시장, 제2대 충주시 시장, 제1대 충주시 시장",제 5회 전국동시지방 선거,충청북도,시·도지사,충청북도지사,민주당,,
201309000064,이시종,19650228,민주당,제18대 국회의원,제 5회 전국동시지방 선거,강원도,시·도지사,강원도지사,민주당,,
201309000065,허남식,19490314,새누리당,,제 5회 전국동시지방 선거,부산광역시,시·도지사,부산광역시장,새누리당,,
201309000066,홍준표,19541205,새누리당,"제18대 국회의원, 제17대 국회의원, 제16대 국회의원, 제15대 국회의원",제 5회 전국동시지방 선거,경상남도,시·도지사,경상남도지사,새누리당,,
201309000067,김도읍,19640706,새누리당,,제19대 국회의원 선거,부산광역시 북구강서구 을, 국회의원,부산광역시 북구강서구 을 국회의원,새누리당,,
201309000068,김무성,19510920,새누리당,"제18대 국회의원, 제17대 국회의원, 제16대 국회의원, 제15대 국회의원",제19대 국회의원 선거,부산광역시 영도구, 국회의원,부산광역시 영도구 국회의원,새누리당,,
201309000069,김세연,19720715,새누리당,제18대 국회의원,제19대 국회의원 선거,부산광역시 금정구, 국회의원,부산광역시 금정구 국회의원,새누리당,,
201309000070,김정훈,19571103,새누리당,"제18대 국회의원, 제17대 국회의원",제19대 국회의원 선거,부산광역시 남구 갑, 국회의원,부산광역시 남구 갑 국회의원,새누리당,,
201309000071,김희정,19710413,새누리당,제17대 국회의원 ,제19대 국회의원 선거,부산광역시 연제구, 국회의원,부산광역시 연제구 국회의원,새누리당,,
201309000072,나성린,19530327,새누리당,제18대 국회의원,제19대 국회의원 선거,부산광역시 부산진구 갑, 국회의원,부산광역시 부산진구 갑 국회의원,새누리당,,
201309000073,문대성,19760903,새누리당,,제19대 국회의원 선거,부산광역시 사하구 갑, 국회의원,부산광역시 사하구 갑 국회의원,새누리당,,
201309000074,문재인,19530124,민주당,,제19대 국회의원 선거,부산광역시 사상구, 국회의원,부산광역시 사상구 국회의원,민주통합당,,
201309000075,박민식,19651120,새누리당,제18대 국회의원,제19대 국회의원 선거,부산광역시 북구강서구 갑, 국회의원,부산광역시 북구강서구 갑 국회의원,새누리당,,
201309000076,서병수,19520109,새누리당,"제18대 국회의원, 제17대 국회의원",제19대 국회의원 선거,부산광역시 해운대구기장군 갑, 국회의원,부산광역시 해운대구기장군 갑 국회의원,새누리당,,
201309000077,서용교,19680121,새누리당,,제19대 국회의원 선거,부산광역시 남구 을, 국회의원,부산광역시 남구 을 국회의원,새누리당,,
201309000078,유기준,19590810,새누리당,"제18대 국회의원, 제17대 국회의원",제19대 국회의원 선거,부산광역시 서구, 국회의원,부산광역시 서구 국회의원,새누리당,,
201309000079,유재중,19560327,새누리당,제18대 국회의원,제19대 국회의원 선거,부산광역시 수영구, 국회의원,부산광역시 수영구 국회의원,새누리당,,
201309000080,이진복,19571018,새누리당,제18대 국회의원,제19대 국회의원 선거,부산광역시 동래구, 국회의원,부산광역시 동래구 국회의원,새누리당,,
201309000081,이헌승,19630511,새누리당,,제19대 국회의원 선거,부산광역시 부산진구 을, 국회의원,부산광역시 부산진구 을 국회의원,새누리당,,
201309000082,정의화,19481218,새누리당,"제18대 국회의원, 제17대 국회의원, 제16대 국회의원, 제15대 국회의원",제19대 국회의원 선거,부산광역시 중구동구, 국회의원,부산광역시 중구동구 국회의원,새누리당,,
201309000083,조경태,19680110,민주당,"제18대 국회의원, 제17대 국회의원",제19대 국회의원 선거,부산광역시 사하구 을, 국회의원,부산광역시 사하구 을 국회의원,민주통합당,,
201309000084,하태경,19680619,새누리당,,제19대 국회의원 선거,부산광역시 해운대구기장군 을, 국회의원,부산광역시 해운대구기장군 을 국회의원,새누리당,,
201309000085,곽상욱,19460622,민주당,,제 5회 전국동시지방 선거,경기도 오산시,구·시·군의장,경기도 오산시 시장,민주통합당,,
201309000086,김규선,19521106,새누리당,,제 5회 전국동시지방 선거,경기도 연천군,구·시·군의장,경기도 연천군 군수,새누리당,,
201309000087,김만수,19640920,민주당,,제 5회 전국동시지방 선거,경기도 부천시,구·시·군의장,경기도 부천시 시장,민주통합당,,
201309000088,김선교,19600918,새누리당,,제 5회 전국동시지방 선거,경기도 양평군,구·시·군의장,경기도 양평군 군수,새누리당,,
201309000089,김선기,19530301,민주당,제2대 경기도 평택시 시장,제 5회 전국동시지방 선거,경기도 평택시,구·시·군의장,경기도 평택시 시장,민주통합당,,
201309000090,김성기,19560914,무소속,제8대 경기도의회 의원,제 5회 전국동시지방 선거,경기도 가평군,구·시·군의장,경기도 가평군 군수,무소속,,
201309000091,김성제,19600310,민주당,,제 5회 전국동시지방 선거,경기도 의왕시,구·시·군의장,경기도 의왕시 시장,민주통합당,,
201309000092,김윤식,19660325,민주당,,제 5회 전국동시지방 선거,경기도 시흥시,구·시·군의장,경기도 시흥시 시장,민주통합당,,
201309000093,김윤주,19480703,민주당,제10대 경기도 군포시 시장,제 5회 전국동시지방 선거,경기도 군포시,구·시·군의장,경기도 군포시 시장,민주통합당,,
201309000094,김철민,19570215,민주당,,제 5회 전국동시지방 선거,경기도 안산시,구·시·군의장,경기도 안산시 시장,민주통합당,,
201309000095,김춘석,19501122,새누리당,제36대 경기도 여주군 군수,제 5회 전국동시지방 선거,경기도 여주군,구·시·군의장,경기도 여주군 시장,새누리당,,
201309000096,김학규,19471214,민주당,,제 5회 전국동시지방 선거,경기도 용인시,구·시·군의장,경기도 용인시 시장,민주통합당,,
201309000097,박영순,19480126,민주당,(전)경기도 구리시 시장,제 5회 전국동시지방 선거,경기도 구리시,구·시·군의장,경기도 구리시 시장,민주통합당,,
201309000098,서장원,19580120,새누리당,제3대 경기도 포천시 시장,제 5회 전국동시지방 선거,경기도 포천시,구·시·군의장,경기도 포천시 시장,새누리당,,
201309000099,안병용,19560422,민주당,,제 5회 전국동시지방 선거,경기도 의정부시,구·시·군의장,경기도 의정부시 시장,민주통합당,,
201309000100,양기대,19621012,민주당,,제 5회 전국동시지방 선거,경기도 광명시,구·시·군의장,경기도 광명시 시장,민주통합당,,
201309000101,여인국,19550806,새누리당,(전)경기도 과천시 시장,제 5회 전국동시지방 선거,경기도 과천시,구·시·군의장,경기도 과천시 시장,새누리당,,
201309000102,염태영,19600725,민주당,,제 5회 전국동시지방 선거,경기도 수원시,구·시·군의장,경기도 수원시 시장,민주통합당,,
201309000103,오세창,19510523,무소속,제16대 경기도 동두천시 시장,제 5회 전국동시지방 선거,경기도 동두천시,구·시·군의장,경기도 동두천시 시장,무소속,,
201309000104,유영록,19620922,민주당,,제 5회 전국동시지방 선거,경기도 김포시,구·시·군의장,경기도 김포시 시장,민주통합당,,
201309000105,이교범,19520509,민주당,제13대 경기도 하남시 시장,제 5회 전국동시지방 선거,경기도 하남시,구·시·군의장,경기도 하남시 시장,민주통합당,,
201309000106,이석우,19480303,새누리당,(전)경기도 남양주시 시장,제 5회 전국동시지방 선거,경기도 남양주시,구·시·군의장,경기도 남양주시 시장,새누리당,,
201309000107,이인재,19601011,민주당,,제 5회 전국동시지방 선거,경기도 파주시,구·시·군의장,경기도 파주시 시장,민주통합당,,
201309000108,이재명,19641222,민주당,,제 5회 전국동시지방 선거,경기도 성남시,구·시·군의장,경기도 성남시 시장,민주통합당,,
201309000109,조병돈,19490124,새누리당,제36대 경기도 이천시 시장,제 5회 전국동시지방 선거,경기도 이천시,구·시·군의장,경기도 이천시 시장,새누리당,,
201309000110,조억동,19561001,새누리당,"제4대 경기도 광주시 시장, 제3대 경기도 광주시의회 의원",제 5회 전국동시지방 선거,경기도 광주시,구·시·군의장,경기도 광주시 시장,새누리당,,
201309000111,채인석,19630327,민주당,(전)경기도 시흥시 시장,제 5회 전국동시지방 선거,경기도 화성시,구·시·군의장,경기도 화성시 시장,민주통합당,,
201309000112,최대호,19580610,민주당,,제 5회 전국동시지방 선거,경기도 안양시,구·시·군의장,경기도 안양시 시장,민주통합당,,
201309000113,최성,19630810,민주당,,제 5회 전국동시지방 선거,경기도 고양시,구·시·군의장,경기도 고양시 시장,민주통합당,,
201309000114,현삼식,19470622,새누리당,,제 5회 전국동시지방 선거,경기도 양주시,구·시·군의장,경기도 양주시 시장,새누리당,,
201309000115,황은성,19620226,새누리당,,제 5회 전국동시지방 선거,경기도 안성시,구·시·군의장,경기도 안성시 시장,새누리당,,
201309000116,고석용,19470715,민주당,,제 5회 전국동시지방 선거,강원도 횡성군,구·시·군의장,강원도 횡성군 군수,민주당,,
201309000117,김대수,19410825,무소속,제5대 강원도 삼척시 시장,제 5회 전국동시지방 선거,강원도 삼척시,구·시·군의장,강원도 삼척시 시장,무소속,,
201309000118,김연식,19680309,새누리당,,제 5회 전국동시지방 선거,강원도 태백시,구·시·군의장,강원도 태백시 시장,한나라당,,
201309000119,박선규,19570209,새누리당,제47대 강원도 영월군 군수,제 5회 전국동시지방 선거,강원도 영월군,구·시·군의장,강원도 영월군 군수,한나라당,,
201309000120,원창묵,19601210,민주당,,제 5회 전국동시지방 선거,강원도 원주시,구·시·군의장,강원도 원주시 시장,민주당,,
201309000121,이광준,19550913,새누리당,제33대 강원도 춘천시 시장,제 5회 전국동시지방 선거,강원도 춘천시,구·시·군의장,강원도 춘천시 시장,한나라당,,
201309000122,이석래,19570212,민주당,,제 5회 전국동시지방 선거,강원도 평창군,구·시·군의장,강원도 평창군 군수,민주당,,
201309000123,이순선,19570528,새누리당,,제 5회 전국동시지방 선거,강원도 인제군,구·시·군의장,강원도 인제군 군수(2011.10.26. 재선거),한나라당,,
201309000124,전창범,19530119,새누리당,제33대 강원도 양구군 군수,제 5회 전국동시지방 선거,강원도 양구군,구·시·군의장,강원도 양구군 군수,한나라당,,
201309000125,정갑철,19450105,새누리당,"제36대 강원도 화천군 군수, 제35대 강원도 화천군 군수",제 5회 전국동시지방 선거,강원도 화천군,구·시·군의장,강원도 화천군 군수,한나라당,,
201309000126,정상철,19451001,민주당,,제 5회 전국동시지방 선거,강원도 양양군,구·시·군의장,강원도 양양군 군수(2011.04.27. 재선거),민주당,,
201309000127,정호조,19471225,새누리당,제35대 강원도 철원군 군수,제 5회 전국동시지방 선거,강원도 철원군,구·시·군의장,강원도 철원군 군수,한나라당,,
201309000128,채용생,19531208,새누리당,제25대 강원도 속초시 시장,제 5회 전국동시지방 선거,강원도 속초시,구·시·군의장,강원도 속초시 시장,한나라당,,
201309000129,최명희,19550408,새누리당,제30대 강원도 강릉시 시장,제 5회 전국동시지방 선거,강원도 강릉시,구·시·군의장,강원도 강릉시 시장,한나라당,,
201309000130,최승준,19560713,민주당,"제5대 정선군의회 의장, 제5대 정선군의회 의원, 제4대 정선군의회 의원",제 5회 전국동시지방 선거,강원도 정선군,구·시·군의장,강원도 정선군 군수,민주당,,
201309000131,허필홍,19640515,무소속,,제 5회 전국동시지방 선거,강원도 홍천군,구·시·군의장,강원도 홍천군 군수,무소속,,
201309000132,김동성,19481018,새누리당,제34대 충청북도 단양군 군수,제 5회 전국동시지방 선거,충청북도 단양군,구·시·군의장,충청북도 단양군 군수,한나라당,,
201309000133,김석환,19450530,새누리당,,제 5회 전국동시지방 선거,충청남도 홍성군,구·시·군의장,충청남도 홍성군 군수,자유선진당,,
201309000134,김영만,19510705,새누리당,,제 5회 전국동시지방 선거,충청북도 옥천군,구·시·군의장,충청북도 옥천군 군수,자유선진당,,
201309000135,나소열,19590516,민주당,"제43대 충청남도 서천군 군수,제42대 충청남도 서천군 군수",제 5회 전국동시지방 선거,충청남도 서천군,구·시·군의장,충청남도 서천군 군수,민주당,,
201309000136,박동철,19520123,새누리당,제46대 충청남도 금산군 군수,제 5회 전국동시지방 선거,충청남도 금산군,구·시·군의장,충청남도 금산군 군수,자유선진당,,
201309000137,복기왕,19680410,민주당,제17대 국회의원,제 5회 전국동시지방 선거,충청남도 아산시,구·시·군의장,충청남도 아산시 시장,민주당,,
201309000138,성무용,19431201,새누리당,,제 5회 전국동시지방 선거,충청남도 천안시,구·시·군의장,충청남도 천안시 시장,한나라당,,
201309000139,유영훈,19550430,민주당,"제36대 충청북도 진천군 군수,제5대 충청북도의회 부의장",제 5회 전국동시지방 선거,충청북도 진천군,구·시·군의장,충청북도 진천군 군수,민주당,,
201309000140,유한식,19490620,새누리당,"제36대 충청남도 연기군 군수,제35대 충청남도 연기군 군수",제 5회 전국동시지방 선거,충청남도 연기군,구·시·군의장,충청남도 연기군 군수,자유선진당,,
201309000141,이기원,19520924,새누리당,제1대 충청남도 계룡시의회 부의장,제 5회 전국동시지방 선거,충청남도 계롱시,구·시·군의장,충청남도 계롱시 시장,한나라당,,
201309000142,이석화,19461109,새누리당,,제 5회 전국동시지방 선거,충청남도 청양군,구·시·군의장,충청남도 청양군 군수,한나라당,,
201309000143,이시우,19480711,새누리당,제4대 충청남도 보령시 시장,제 5회 전국동시지방 선거,충청남도 보령시,구·시·군의장,충청남도 보령시 시장,자유선진당,,
201309000144,이완섭,19570115,새누리당,충청남도 서산시 부시장,제 5회 전국동시지방 선거,충청남도 서산시,구·시·군의장,충청남도 서산시장 (2011.10.26. 재선거),한나라당,,
201309000145,이용우,19610324,새누리당,,제 5회 전국동시지방 선거,충청남도 부여군,구·시·군의장,충청남도 부여군 군수,자유선진당,,
201309000146,이종배,19570530,새누리당,,제 5회 전국동시지방 선거,충청북도 충주시 ,구·시·군의장,충청북도 충주시 시장(2011.10.26. 재선거),한나라당,,
201309000147,이종윤,19510805,민주당,,제 5회 전국동시지방 선거,충청북도 청원군,구·시·군의장,충청북도 청원군 군수,민주당,,
201309000148,이준원,19650302,새누리당,제6대 충청남도 공주시 시장,제 5회 전국동시지방 선거,충청남도 공주시,구·시·군의장,충청남도 공주시 시장,국민중심연합정당,,
201309000149,이철환,19450617,새누리당,제40대 충청남도 당진군 군수,제 5회 전국동시지방 선거,충청남도 당진군,구·시·군의장,충청남도 당진군 군수,자유선진당,,
201309000150,이필용,19611128,새누리당,제8대 충청북도의회 의원,제 5회 전국동시지방 선거,충청북도 음성군,구·시·군의장,충청북도 음성군 군수,한나라당,,
201309000151,임각수,19471113,무소속,제40대 충청북도 괴산군 군수,제 5회 전국동시지방 선거,충청북도 괴산군,구·시·군의장,충청북도 괴산군 군수,무소속,,
201309000152,정구복,19570228,새누리당,제35대 충청북도 영동군 군수,제 5회 전국동시지방 선거,충청북도 영동군,구·시·군의장,충청북도 영동군 군수,자유선진당,,
201309000153,정상혁,19411225,새누리당,제7대 충청북도의회 의원,제 5회 전국동시지방 선거,충청북도 보은군 ,구·시·군의장,충청북도 보은군 군수,자유선진당,,
201309000154,진태구,19451130,새누리당,제46대 충청남도 태안군 군수,제 5회 전국동시지방 선거,충청남도 태안군,구·시·군의장,충청남도 태안군 군수(2011.04.27. 재선거),자유선진당,,
201309000155,최명현,19510305,새누리당,,제 5회 전국동시지방 선거,충청북도 제천시,구·시·군의장,충청북도 제천시 시장,한나라당,,
201309000156,최승우,19410924,새누리당,제41대 충청남도 예산군 군수,제 5회 전국동시지방 선거,충청남도 예산군,구·시·군의장,충청남도 예산군 군수,자유선진당,,
201309000157,한범덕,19520726,민주당,,제 5회 전국동시지방 선거,충청북도 청주시,구·시·군의장,충청북도 청주시 시장,민주당,,
201309000158,홍성열,19540726,민주당,,제 5회 전국동시지방 선거,충청북도 증평군,구·시·군의장,충청북도 증평군 군수,민주당,,
201309000159,황명선,19660909,민주당,,제 5회 전국동시지방 선거,충청남도 논산시,구·시·군의장,충청남도 논산시 시장,민주당,,
201309000160,강완묵,19591226,민주당,,제 5회 전국동시지방 선거,전라북도 임실군,구·시·군의장,전라북도 임실군 군수,민주당,,
201309000161,김생기,19470206,민주당,,제 5회 전국동시지방 선거,전라북도 정읍시,구·시·군의장,전라북도 정읍시 시장,민주당,,
201309000162,김호수,19430616,민주당,,제 5회 전국동시지방 선거,전라북도 부안군,구·시·군의장,전라북도 부안군 군수,민주당,,
201309000163,문동신,19380522,민주당,(전)전라북도 군산시 시장,제 5회 전국동시지방 선거,전라북도 군산시,구·시·군의장,전라북도 군산시 시장,민주당,,
201309000164,송영선,19510514,민주당,제4대 전라북도 진안군 군수,제 5회 전국동시지방 선거,전라북도 진안군,구·시·군의장,전라북도 진안군 군수,민주당,,
201309000165,송하진,19520429,민주당,,제 5회 전국동시지방 선거,전라북도 전주시,구·시·군의장,전라북도 전주시 시장,민주당,,
201309000166,이강수,19511209,민주당,제44대 전라북도 고창군 군수,제 5회 전국동시지방 선거,전라북도 고창군,구·시·군의장,전라북도 고창군 군수,민주당,,
201309000167,이건식,19440817,무소속,제9대 전라북도 김제시 시장,제 5회 전국동시지방 선거,전라북도 김제시,구·시·군의장,전라북도 김제시 시장,무소속,,
201309000168,이한수,19600815,민주당,제5대 전라북도 익산시 시장,제 5회 전국동시지방 선거,전라북도 익산시,구·시·군의장,전라북도 익산시 시장,민주당,,
201309000169,이환주,19601207,민주당,,제 5회 전국동시지방 선거,전라북도 남원시,구·시·군의장,전라북도 남원시 시장,민주당,,
201309000170,임정엽,19590426,민주당,제42대 전라북도 완주군 군수,제 5회 전국동시지방 선거,전라북도 완주군,구·시·군의장,전라북도 완주군 군수,민주당,,
201309000171,장재영,19450529,민주당,"제43대 전라북도 장수군 군수, 제42대 전라북도 장수군 군수",제 5회 전국동시지방 선거,전라북도 장수군,구·시·군의장,전라북도 장수군 군수,민주당,,
201309000172,홍낙표,19540805,민주당,(전)전라북도 무주군 군수,제 5회 전국동시지방 선거,전라북도 무주군,구·시·군의장,전라북도 무주군 군수,민주당,,
201309000173,황숙주,19470920,민주당,,제 5회 전국동시지방 선거,전라북도 순창군,구·시·군의장,전라북도 순창군 군수,민주당,,
201309000174,강진원,19591020,민주당,,제 5회 전국동시지방 선거,전라남도 강진군,구·시·군의장,전라남도 강진군 군수,민주통합당,,
201309000175,김양수,19501024,민주당,,제 5회 전국동시지방 선거,전라남도 장성군,구·시·군의장,전라남도 장성군 군수,민주당,,
201309000176,김일태,19441213,민주당,제39대 전라남도 영암군 군수,제 5회 전국동시지방 선거,전라남도 영암군,구·시·군의장,전라남도 영암군 군수,민주당,,
201309000177,김종식,19501020,민주당,"제35대 전라남도 완도군 군수, 제34대 전라남도 완도군 군수",제 5회 전국동시지방 선거,전라남도 완도군,구·시·군의장,전라남도 완도군 군수,민주당,,
201309000178,김철주,19571005,민주당,,제 5회 전국동시지방 선거,전라남도 무안군,구·시·군의장,전라남도 무안군 군수,민주통합당,,
201309000179,김충석,19401010,무소속,(전)전라남도 여수시 시장,제 5회 전국동시지방 선거,전라남도 여수시,구·시·군의장,전라남도 여수시 시장,무소속,,
201309000180,박병종,19540220,민주당,제4대 전라남도 고흥군 군수,제 5회 전국동시지방 선거,전라남도 고흥군,구·시·군의장,전라남도 고흥군 군수,민주당,,
201309000181,박우량,19550914,무소속,(전)전라남도 신안군 군수,제 5회 전국동시지방 선거,전라남도 신안군,구·시·군의장,전라남도 신안군 군수,무소속,,
201309000182,박철환,19590102,민주당,,제 5회 전국동시지방 선거,전라남도 해남군,구·시·군의장,전라남도 해남군 군수,민주당,,
201309000183,서기동,19491001,민주당,제40대 전라남도 구례군 군수,제 5회 전국동시지방 선거,전라남도 구례군,구·시·군의장,전라남도 구례군 군수,민주당,,
201309000184,안병호,19470910,민주당,,제 5회 전국동시지방 선거,전라남도 함평군,구·시·군의장,전라남도 함평군 군수,민주당,,
201309000185,이동진,19451001,민주당,,제 5회 전국동시지방 선거,전라남도 진도군,구·시·군의장,전라남도 진도군 군수,민주당,,
201309000186,이명흠,19490513,민주당,제42대 전라남도 장흥군 군수,제 5회 전국동시지방 선거,전라남도 장흥군,구·시·군의장,전라남도 장흥군 군수,민주당,,
201309000187,이성웅,19420430,무소속,제5대 전라남도 광양시 시장,제 5회 전국동시지방 선거,전라남도 광양시,구·시·군의장,전라남도 광양시 시장,무소속,,
201309000188,임성훈,19591109,민주당,,제 5회 전국동시지방 선거,전라남도 나주시,구·시·군의장,전라남도 나주시 시장,민주당,,
201309000189,정기호,19540721,민주당,제47대 전라남도 영광군 군수,제 5회 전국동시지방 선거,전라남도 영광군,구·시·군의장,전라남도 영광군 군수,민주당,,
201309000190,정종득,19410202,민주당,제37대 전라남도 목포시 시장,제 5회 전국동시지방 선거,전라남도 목포시,구·시·군의장,전라남도 목포시 시장,민주당,,
201309000191,정종해,19470407,민주당,제42대 전라남도 보성군 군수,제 5회 전국동시지방 선거,전라남도 보성군,구·시·군의장,전라남도 보성군 군수,민주당,,
201309000192,조충훈,19531024,무소속,제19대 국회의원,제 5회 전국동시지방 선거,전라남도 순천시,구·시·군의장,전라남도 순천시 시장,무소속,,
201309000193,최형식,19551129,민주당,(전)전라남도 담양군 군수,제 5회 전국동시지방 선거,전라남도 담양군,구·시·군의장,전라남도 담양군 군수,민주당,,
201309000194,허남석,19550710,무소속,,제 5회 전국동시지방 선거,전라남도 곡성군,구·시·군의장,전라남도 곡성군 군수,무소속,,
201309000195,홍이식,19580601,민주당,,제 5회 전국동시지방 선거,전라남도 화순군,구·시·군의장,전라남도 화순군 군수,민주당,,
201309000196,고윤환,19570520,새누리당,,제 5회 전국동시지방 선거,경상북도 문경시,구·시·군의장,경상북도 문경시 시장(2012.04.11. 보궐선거),새누리당,,
201309000197,곽용환,19581220,새누리당,,제 5회 전국동시지방 선거,경상북도 고령군,구·시·군의장,경상북도 고령군 군수,한나라당,,
201309000198,권영세,19590224,새누리당,"제18대 국회의원,제17대 국회의원,제16대 국회의원",제 5회 전국동시지방 선거,경상북도 안동시,구·시·군의장,경상북도 안동시 시장,한나라당,,
201309000199,권영택,19620815,새누리당,제46대 경상북도 영양군 군수,제 5회 전국동시지방 선거,경상북도 영양군,구·시·군의장,경상북도 영양군 군수,한나라당,,
201309000200,김병목,19540424,새누리당,"제47대 경상북도 영덕군 군수,제46대 경상북도 영덕군 군수",제 5회 전국동시지방 선거,경상북도 영덕군,구·시·군의장,경상북도 영덕군 군수,한나라당,,
201309000201,김복규,19400219,새누리당,"제41대 경상북도 의성군 군수,제36대 경상북도 의성군 군수",제 5회 전국동시지방 선거,경상북도 의성군,구·시·군의장,경상북도 의성군 군수,한나라당,,
201309000202,김영석,19511013,새누리당,제7대 경상북도 영천시 시장,제 5회 전국동시지방 선거,경상북도 영천시,구·시·군의장,경상북도 영천시 시장,한나라당,,
201309000203,김주영,19481012,무소속,제5대 경상북도 영주시 시장,제 5회 전국동시지방 선거,경상북도 영주시,구·시·군의장,경상북도 영주시 시장,무소속,,
201309000204,김항곤,19511001,새누리당,,제 5회 전국동시지방 선거,경상북도 성주군,구·시·군의장,경상북도 성주군 군수,한나라당,,
201309000205,남유진,19530407,새누리당,"제19대 경상북도 구미시 시장,경상북도 구미시 부시장",제 5회 전국동시지방 선거,경상북도 구미시,구·시·군의장,경상북도 구미시 시장,한나라당,,
201309000206,박노욱,19601016,새누리당,제8대 경상북도의회 의원,제 5회 전국동시지방 선거,경상북도 봉화군,구·시·군의장,경상북도 봉화군 군수,한나라당,,
201309000207,박보생,19510106,새누리당,제4대 경상북도 김천시 시장,제 5회 전국동시지방 선거,경상북도 김천시,구·시·군의장,경상북도 김천시 시장,한나라당,,
201309000208,박승호,19570805,새누리당,제5대 경상북도 포항시 시장,제 5회 전국동시지방 선거,경상북도 포항시,구·시·군의장,경상북도 포항시 시장,한나라당,,
201309000209,백선기,19550218,새누리당,,제 5회 전국동시지방 선거,경상북도 칠곡군,구·시·군의장,경상북도 칠곡군 군수(2011.10.26 재선거),한나라당,,
201309000210,성백영,19510103,새누리당,,제 5회 전국동시지방 선거,경상북도 상주시,구·시·군의장,경상북도 상주시 시장,미래연합,,
201309000211,이중근,19420317,새누리당,제7대 경상북도 청도군 군수,제 5회 전국동시지방 선거,경상북도 청도군,구·시·군의장,경상북도 청도군 군수,한나라당,,
201309000212,이현준,19550329,새누리당,"제8대 경상북도의회 의원,제7대 경상북도의회 의원",제 5회 전국동시지방 선거,경상북도 예천군,구·시·군의장,경상북도 예천군 군수,한나라당,,
201309000213,임광원,19500919,무소속,경상북도 영덕군 부군수,제 5회 전국동시지방 선거,경상북도 울진군,구·시·군의장,경상북도 울진군 군수,무소속,,
201309000214,장욱,19540706,새누리당,,제 5회 전국동시지방 선거,경상북도 군위군,구·시·군의장,경상북도 군위군 군수,한나라당,,
201309000215,최수일,19520401,무소속,,제 5회 전국동시지방 선거,경상북도 울릉군,구·시·군의장,경상북도 울릉군(2011.10.26 재선거),무소속,,
201309000216,최양식,19520407,새누리당,,제 5회 전국동시지방 선거,경상북도 경주시,구·시·군의장,경상북도 경주시 시장,한나라당,,
201309000217,최영조,19550315,무소속,"경상북도 구미시 부시장,경상북도 영주시 부시장",제 5회 전국동시지방 선거,경상북도 경산시,구·시·군의장,경상북도 경산시(2012.12.19. 보궐선거),무소속,,
201309000218,한동수,19490101,새누리당,,제 5회 전국동시지방 선거,경상북도 청송군,구·시·군의장,경상북도 청송군 군수,한나라당,,
201309000219,권민호,19560409,새누리당,제7대 경상남도의회 의원,제 5회 전국동시지방 선거,경상남도 거제시,구·시·군의장,경상남도 거제시 시장,한나라당,,
201309000220,김동진,19510410,무소속,제4대 경상남도 통영시 시장,제 5회 전국동시지방 선거,경상남도 통영시,구·시·군의장,경상남도 통영시 시장,무소속,,
201309000221,김맹곤,19451020,민주당,제17대 국회의원,제 5회 전국동시지방 선거,경상남도 김해시,구·시·군의장,경상남도 김해시 시장,민주당,,
201309000222,김채용,19490718,새누리당,제43대 경상남도 의령군 군수,제 5회 전국동시지방 선거,경상남도 의령군,구·시·군의장,경상남도 의령군(2010.10.27 보궐선거),한나라당,,
201309000223,김충식,19500212,새누리당,,제 5회 전국동시지방 선거,경상남도 창녕군,구·시·군의장,경상남도 창녕군 군수,한나라당,,
201309000224,나동연,19550901,새누리당,,제 5회 전국동시지방 선거,경상남도 양산시,구·시·군의장,경상남도 양산시 시장,한나라당,,
201309000225,박완수,19550810,새누리당,"제20대 경상남도 창원시 시장,제19대 경상남도 창원시 시장",제 5회 전국동시지방 선거,경상남도 창원시,구·시·군의장,경상남도 창원시 시장,한나라당,,
201309000226,엄용수,19650120,새누리당,제6대 경상남도 밀양시 시장,제 5회 전국동시지방 선거,경상남도 밀양시,구·시·군의장,경상남도 밀양시 시장,한나라당,,
201309000227,이재근,19530215,새누리당,제43대 경상남도 산청군 군수,제 5회 전국동시지방 선거,경상남도 산청군,구·시·군의장,경상남도 산청군 군수,한나라당,,
201309000228,이창희,19510929,새누리당,,제 5회 전국동시지방 선거,경상남도 진주시,구·시·군의장,경상남도 진주시 시장,한나라당,,
201309000229,이학렬,19520508,새누리당,"제40대 경상남도 고성군 군수,제39대 경상남도 고성군 군수",제 5회 전국동시지방 선거,경상남도 고성군,구·시·군의장,경상남도 고성군 군수,한나라당,,
201309000230,이홍기,19581127,새누리당,,제 5회 전국동시지방 선거,경상남도 거창군,구·시·군의장,경상남도 거창군 군수,한나라당,,
201309000231,임창호,19521030,무소속,제8대 경상남도의회 의원,제 5회 전국동시지방 선거,경상남도 함양군,구·시·군의장,경상남도 함양군 군수(2013.04.24 재선거),무소속,,
201309000232,정만규,19410527,새누리당,제4대 경상남도 사천시 시장,제 5회 전국동시지방 선거,경상남도 사천시,구·시·군의장,경상남도 사천시 시장,한나라당,,
201309000233,정현태,19630102,무소속,제42대 경상남도 남해군 군수,제 5회 전국동시지방 선거,경상남도 남해군,구·시·군의장,경상남도 남해군 군수,무소속,,
201309000234,조유행,19460909,새누리당,"제41대 경상남도 하동군 군수,제40대 경상남도 하동군 군수",제 5회 전국동시지방 선거,경상남도 하동군,구·시·군의장,경상남도 하동군 군수,한나라당,,
201309000235,하성식,19520108,무소속,,제 5회 전국동시지방 선거,경상남도 함안군,구·시·군의장,경상남도 함안군 군수,무소속,,
201309000236,하창환,19490915,무소속,,제 5회 전국동시지방 선거,경상남도 합천군,구·시·군의장,경상남도 합천군 군수,무소속,,
201309000237,권성동,19600429,새누리당,제18대 국회의원,제19대 국회의원 선거,강원도 강릉시,국회의원,강원도 강릉시 국회의원,새누리당,,
201309000238,김기선,19521019,새누리당,,제19대 국회의원 선거,강원도 원주시갑,국회의원,강원도 원주시갑 국회의원,새누리당,,
201309000239,김진태,19641013,새누리당,,제19대 국회의원 선거,강원도 춘천시,국회의원,강원도 춘천시 국회의원,새누리당,,
201309000240,염동열,19600228,새누리당,,제19대 국회의원 선거,강원도 태백시영월군평창군정선군,국회의원,강원도 태백시영월군평창군정선군,새누리당,,
201309000241,이강후,19539604,새누리당,,제19대 국회의원 선거,강원도 원주시을,국회의원,강원도 원주시을 국회의원,새누리당,,
201309000242,이이재,19590317,새누리당,,제19대 국회의원 선거,강원도 동해시삼척시,국회의원,강원도 동해시삼척시 국회의원,새누리당,,
201309000243,정문헌,19660504,새누리당,제17대 국회의원,제19대 국회의원 선거,강원도 속초시고성군양양군,국회의원,강원도 속초시고성군양양군,새누리당,,
201309000244,한기호,19520813,새누리당,제18대 국회의원,제19대 국회의원 선거,강원도 철원군화천군양구군인제군,국회의원,강원도 철원군화천군양구군인제군,새누리당,,
201309000245,황영철,19650713,새누리당,제18대 국회의원,제19대 국회의원 선거,강원도 홍천군횡성군,국회의원,강원도 홍천군횡성군,새누리당,,
201309000246,경대수,19580318,새누리당,,제19대 국회의원 선거,충청북도 증평군진천군괴산군음성군,국회의원,충청북도 증평군진천군괴산군음성군 국회의원,새누리당,,
201309000247,노영민,19571125,민주당,"제18대 국회의원, 제17대 국회의원",제19대 국회의원 선거,충청북도 청주시흥덕구을,국회의원,충청북도 청주시흥덕구을 국회의원,민주통합당,,
201309000248,박덕흠,19531018,새누리당,,제19대 국회의원 선거,충청북도 보은군옥천군영동군,국회의원,충청북도 보은군옥천군영동군 국회의원,새누리당,,
201309000249,변재일,19480902,민주당,"제18대 국회의원, 제17대 국회의원",제19대 국회의원 선거,충청북도 청원군,국회의원,충청북도 청원군 국회의원,민주통합당,,
201309000250,송광호,19420510,새누리당,"제18대 국회의원, 제16대 국회의원, 제14대 국회의원",제19대 국회의원 선거,충청북도 제천시단양군,국회의원,충청북도 제천시단양군 국회의원,새누리당,,
201309000251,오제세,19490405,민주당,"제18대 국회의원, 제17대 국회의원",제19대 국회의원 선거,충청북도 청주시흥덕구갑,국회의원,충청북도 청주시흥덕구갑 국회의원,민주통합당,,
201309000252,윤진식,19460304,새누리당,제18대 국회의원,제19대 국회의원 선거,충청북도 충주시,국회의원,충청북도 충주시 국회의원,새누리당,,
201309000253,정우택,19530218,새누리당,"제16대 국회의원, 제15대 국회의원",제19대 국회의원 선거,충청북도 청주시상당구,국회의원,충청북도 청주시상당구 국회의원,새누리당,,
201309000254,김동완,19580620,새누리당,,제19대 국회의원 선거,충청남도 당진시,국회의원,충청남도 당진시 국회의원,새누리당,,
201309000255,김태흠,19630111,민주당,,제19대 국회의원 선거,충청남도 보령시서천군,국회의원,충청남도 보령시서천군 국회의원,새누리당,,
201309000256,박수현,19640814,민주당,,제19대 국회의원 선거,충청남도 공주시,국회의원,충청남도 공주시 국회의원,민주통합당,,
201309000257,박완주,19661110,민주당,,제19대 국회의원 선거,충청남도 천안시을,국회의원,충청남도 천안시을 국회의원,민주통합당,,
201309000258,성완종,19510820,새누리당,,제19대 국회의원 선거,충청남도 서산시태안군,국회의원,충청남도 서산시태안군 국회의원,자유선진당,,
201309000259,양승조,19590321,민주당,"제18대 국회의원, 제17대 국회의원",제19대 국회의원 선거,충청남도 천안시갑,국회의원,충청남도 천안시갑 국회의원,민주통합당,,
201309000260,이명수,19550211,새누리당,제18대 국회의원,제19대 국회의원 선거,충청남도 아산시,국회의원,충청남도 아산시 국회의원,자유선진당,,
201309000261,이완구,19500602,새누리당,"제16대 국회의원, 제15대 국회의원",제19대 국회의원 선거,충청남도 부여군청양군,국회의원,충청남도 부여군청양군 국회의원(2013.04.24. 재선거),새누리당,,
201309000262,이인제,19481211,새누리당,"제18대 국회의원, 제17대 국회의원, 제16대 국회의원, 제14대 국회의원, 제13대 국회의원",제19대 국회의원 선거,충청남도 논산시계룡시금산군,국회의원,충청남도 논산시계룡시금산군 국회의원,자유선진당,,
201309000263,홍문표,19471005,새누리당,제17대 국회의원,제19대 국회의원 선거,충청남도 홍성군예산군,국회의원,충청남도 홍성군예산군 국회의원,새누리당,,
201309000264,강동원,19530120,무소속,,제19대 국회의원 선거,전라북도 남원시 순창군,국회의원,전라북도 남원시 순창군 국회의원,통합진보당,,
201309000265,김관영,19691115,민주당,,제19대 국회의원 선거,전라북도 군산시,국회의원,전라북도 군산시 국회의원,민주통합당,,
201309000266,김성주,19640410,민주당,,제19대 국회의원 선거,전라북도 전주시덕진구,국회의원,전라북도 전주시덕진구 국회의원,민주통합당,,
201309000267,김윤덕,19660523,민주당,,제19대 국회의원 선거,전라북도 전주시완산구갑,국회의원,전라북도 전주시완산구갑 국회의원,민주통합당,,
201309000268,박민수,19640921,민주당,,제19대 국회의원 선거,전라북도 진안군무주군장수군임실군,국회의원,전라북도 진안군무주군장수군임실군 국회의원,민주통합당,,
201309000269,유성엽,19600125,민주당,제18대 국회의원,제19대 국회의원 선거,전라북도 정읍시 ,국회의원,전라북도 정읍시  국회의원,무소속,,
201309000270,이상직,19630130,민주당,,제19대 국회의원 선거,전라북도 전주시완산구을,국회의원,전라북도 전주시완산구을 국회의원,민주통합당,,
201309000271,이춘석,19630307,민주당,제18대 국회의원,제19대 국회의원 선거,전라북도 익산시갑,국회의원,전라북도 익산시갑 국회의원,민주통합당,,
201309000272,전정희,19601024,민주당,,제19대 국회의원 선거,전라북도 익산시을,국회의원,전라북도 익산시을 국회의원,민주통합당,,
201309000273,최규성,19500204,민주당,"제18대 국회의원, 제17대 국회의원",제19대 국회의원 선거,전라북도 김제시완주군,국회의원,전라북도 김제시완주군 국회의원,민주통합당,,
201309000274,김선동,19670909,통합진보당,제18대 국회의원,제19대 국회의원 선거,전라남도 순천시곡성군,국회의원,전라남도 순천시곡성군 국회의원,통합진보당,,
201309000275,김성곤,19521106,민주당,"제18대 국회의원, 제17대 국회의원",제19대 국회의원 선거,전라남도 여수시갑,국회의원,전라남도 여수시갑 국회의원,민주통합당,,
201309000276,김승남,19661006,민주당,,제19대 국회의원 선거,전라남도 고흥군보성군,국회의원,전라남도 고흥군보성군 국회의원,민주통합당,,
201309000277,김영록,19550217,민주당,제18대 국회의원,제19대 국회의원 선거,전라남도 해남군완도군진도군,국회의원,전라남도 해남군완도군진도군 국회의원,민주통합당,,
201309000278,박지원,19420605,민주당,"제18대 국회의원, 제14대 국회의원",제19대 국회의원 선거,전라남도 목포시,국회의원,전라남도 목포시 국회의원,민주통합당,,
201309000279,배기운,19500929,민주당,제16대 국회의원,제19대 국회의원 선거,전라남도 나주시화순군,국회의원,전라남도 나주시화순군 국회의원,민주통합당,,
201309000280,우윤근,19570924,민주당,"제18대 국회의원, 제17대 국회의원",제19대 국회의원 선거,전라남도 광양시구례군,국회의원,전라남도 광양시구례군 국회의원,민주통합당,,
201309000281,이낙연,19521220,민주당,"제18대 국회의원, 제17대 국회의원, 제16대 국회의원",제19대 국회의원 선거,전라남도 담양군함평군영광군장성군,국회의원,전라남도 담양군함평군영광군장성군 국회의원,민주통합당,,
201309000282,이윤석,19600316,민주당,제18대 국회의원,제19대 국회의원 선거,전라남도 무안군신안군,국회의원,전라남도 무안군신안군 국회의원,민주통합당,,
201309000283,주승용,19520727,민주당,"제18대 국회의원, 제17대 국회의원",제19대 국회의원 선거,전라남도 여수시을,국회의원,전라남도 여수시을 국회의원,민주통합당,,
201309000284,황주홍,19520227,민주당,제18대 국회의원,제19대 국회의원 선거,전라남도 장흥군강진군영암군,국회의원,전라남도 장흥군강진군영암군 국회의원,민주통합당,,
201309000285,강기윤,19600604,새누리당,,제19대 국회의원 선거,경상남도 창원시성산구,국회의원,경상남도 창원시성산구 국회의원,새누리당,,
201309000286,강석호,19551203,새누리당,제18대 국회의원,제19대 국회의원 선거,경상북도 영양군영덕군봉화군울진군,국회의원,경상북도 영양군영덕군봉화군울진군 국회의원,새누리당,,
201309000287,김광림,19480428,새누리당,제18대 국회의원,제19대 국회의원 선거,경상북도 안동시,국회의원,경상북도 안동시 국회의원,새누리당,,
201309000288,김성찬,19540507,새누리당,,제19대 국회의원 선거,경상남도 창원시진해구,국회의원,경상남도 창원시진해구 국회의원,새누리당,,
201309000289,김재경,19611010,새누리당,"제18대 국회의원, 제17대 국회의원",제19대 국회의원 선거,경상남도 진주시을,국회의원,경상남도 진주시을 국회의원,새누리당,,
201309000290,김재원,19641220,새누리당,제17대 국회의원,제19대 국회의원 선거,경상북도 군위군의성군청송군,국회의원,경상북도 군위군의성군청송군 국회의원,새누리당,,
201309000291,김종태,19490316,새누리당,,제19대 국회의원 선거,경상북도 상주시,국회의원,경상북도 상주시 국회의원,새누리당,,
201309000292,김태호,19620821,새누리당,제18대 국회의원,제19대 국회의원 선거,경상남도 김해시을,국회의원,경상남도 김해시을 국회의원,새누리당,,
201309000293,김태환,19430924,새누리당,"제18대 국회의원, 제17대 국회의원",제19대 국회의원 선거,경상북도 구미시을,국회의원,경상북도 구미시을 국회의원,새누리당,,
201309000294,김한표,19540808,새누리당,,제19대 국회의원 선거,경상남도 거제시,국회의원,경상남도 거제시 국회의원,새누리당,,
201309000295,민홍철,19610418,민주당,,제19대 국회의원 선거,경상남도 김해시갑,국회의원,경상남도 김해시갑 국회의원,민주통합당,,
201309000296,박대출,19610318,새누리당,,제19대 국회의원 선거,경상남도 진주시갑,국회의원,경상남도 진주시갑 국회의원,새누리당,,
201309000297,박성호,19570313,새누리당,,제19대 국회의원 선거,경상남도 창원시의창구,국회의원,경상남도 창원시의창구 국회의원,새누리당,,
201309000298,신성범,19630601,새누리당,제18대 국회의원,제19대 국회의원 선거,경상남도 산청군함양군거창군,국회의원,경상남도 산청군함양군거창군 국회의원,새누리당,,
201309000299,심학봉,19610411,새누리당,,제19대 국회의원 선거,경상북도 구미시갑,국회의원,경상북도 구미시갑 국회의원,새누리당,,
201309000300,안홍준,19510302,새누리당,"제18대 국회의원, 제17대 국회의원",제19대 국회의원 선거,경상남도 창원시마산회원구,국회의원,경상남도 창원시마산회원구 국회의원,새누리당,,
201309000301,여상규,19480915,새누리당,제18대 국회의원,제19대 국회의원 선거,경상남도 사천시남해군하동군,국회의원,경상남도 사천시남해군하동군 국회의원,새누리당,,
201309000302,윤영석,19641007,새누리당,,제19대 국회의원 선거,경상남도 양산시,국회의원,경상남도 양산시 국회의원,새누리당,,
201309000303,이군현,19520312,새누리당,"제18대 국회의원, 제17대 국회의원",제19대 국회의원 선거,경상남도 통영시고성군,국회의원,경상남도 통영시고성군 국회의원,새누리당,,
201309000304,이병석,19521028,새누리당,"제18대 국회의원, 제17대 국회의원, 제16대 국회의원",제19대 국회의원 선거,경상북도 포항시북구,국회의원,경상북도 포항시북구 국회의원,새누리당,,
201309000305,이완영,19570707,새누리당,,제19대 국회의원 선거,경상북도 고령군성주군칠곡군,국회의원,경상북도 고령군성주군칠곡군 국회의원,새누리당,,
201309000306,이주영,19510930,새누리당,"제18대 국회의원, 제17대 국회의원, 제16대 국회의원",제19대 국회의원 선거,경상남도 창원시마산합포구,국회의원,경상남도 창원시마산합포구 국회의원,새누리당,,
201309000307,이철우,19550815,새누리당,제18대 국회의원,제19대 국회의원 선거,경상북도 김천시,국회의원,경상북도 김천시 국회의원,새누리당,,
201309000308,이한성,19570405,새누리당,"제18대 국회의원, 제17대 국회의원",제19대 국회의원 선거,경상북도 문경시예천군,국회의원,경상북도 문경시예천군 국회의원,새누리당,,
201309000309,장윤석,19500105,새누리당,"제18대 국회의원, 제17대 국회의원",제19대 국회의원 선거,경상북도 영주시,국회의원,경상북도 영주시 국회의원,새누리당,,
201309000310,정수성,19460102,새누리당,제18대 국회의원,제19대 국회의원 선거,경상북도 경주시,국회의원,경상북도 경주시 국회의원,새누리당,,
201309000311,정희수,19531025,새누리당,"제18대 국회의원, 제17대 국회의원",제19대 국회의원 선거,경상북도 영천시,국회의원,경상북도 영천시 국회의원,새누리당,,
201309000312,조해진,19630804,새누리당,제18대 국회의원,제19대 국회의원 선거,경상남도 밀양시창녕군,국회의원,경상남도 밀양시창녕군 국회의원,새누리당,,
201309000313,조현룡,19451230,새누리당,,제19대 국회의원 선거,경상남도 의령군함안군합천군,국회의원,경상남도 의령군함안군합천군 국회의원,새누리당,,
201309000314,최경환,19550227,새누리당,"제18대 국회의원, 제17대 국회의원",제19대 국회의원 선거,경상북도 경산시청도군,국회의원,경상북도 경산시청도군 국회의원,새누리당,,
201309000315,강창일,19520128,민주당,"제18대 국회의원, 제17대 국회의원",제19대 국회의원 선거,제주특별자치도 제주시갑,국회의원,제주특별자치도 제주시갑 국회의원,민주통합당,,
201309000316,김우남,19550523,민주당,"제18대 국회의원, 제17대 국회의원",제19대 국회의원 선거,제주특별자치도 제주시을,국회의원,제주특별자치도 제주시을 국회의원,민주통합당,,
201309000317,김재윤,19650524,민주당,"제18대 국회의원, 제17대 국회의원",제19대 국회의원 선거,제주특별자치도 서귀포시,국회의원,제주특별자치도 서귀포시 국회의원,민주통합당,,
201309000318,권은희,19590524,새누리당,,제19대 국회의원 선거,대구광역시 북구 갑,국회의원,대구광역시 북구 갑 국회의원,새누리당,,
201309000319,김상훈,19630125,새누리당,,제19대 국회의원 선거,대구광역시 서구,국회의원,대구광역시 서구 국회의원,새누리당,,
201309000320,김희국,19581020,새누리당,,제19대 국회의원 선거,대구광역시 중구남구,국회의원,대구광역시 중구남구 국회의원,새누리당,,
201309000321,서상기,19460129,새누리당,"제18대 국회의원, 제17대 국회의원",제19대 국회의원 선거,대구광역시 북구 을,국회의원,대구광역시 북구 을 국회의원,새누리당,,
201309000322,유성걸,19570712,새누리당,,제19대 국회의원 선거,대구광역시 동구 갑,국회의원,대구광역시 동구 갑 국회의원,새누리당,,
201309000323,유승민,19580107,새누리당,"제18대 국회의원, 제17대 국회의원",제19대 국회의원 선거,대구광역시 동구 을,국회의원,대구광역시 동구 을 국회의원,새누리당,,
201309000324,윤재옥,19610910,새누리당,,제19대 국회의원 선거,대구광역시 달서구 을,국회의원,대구광역시 달서구 을 국회의원,새누리당,,
201309000325,이종진,19500505,새누리당,,제19대 국회의원 선거,대구광역시 달성군,국회의원,대구광역시 달성군 국회의원,새누리당,,
201309000326,이한구,19451212,새누리당,"제18대 국회의원, 제17대 국회의원, 제16대 국회의원",제19대 국회의원 선거,대구광역시 수성구 갑,국회의원,대구광역시 수성구 갑 국회의원,새누리당,,
201309000327,조원진,19590107,새누리당,제18대 국회의원,제19대 국회의원 선거,대구광역시 달서구 병,국회의원,대구광역시 달서구 병 국회의원,새누리당,,
201309000328,주호영,19601210,새누리당,"제18대 국회의원, 제17대 국회의원",제19대 국회의원 선거,대구광역시 수성구 을,국회의원,대구광역시 수성구 을 국회의원,새누리당,,
201309000329,홍지만,19680201,새누리당,,제19대 국회의원 선거,대구광역시 달서구 갑,국회의원,대구광역시 달서구 갑 국회의원,새누리당,,
201309000330,문병호,19591227,민주당,제17대 국회의원,제19대 국회의원 선거,인천광역시 부평구 갑,국회의원,인천광역시 부평구 갑 국회의원,민주통합당,,
201309000331,박남춘,19580702,민주당,,제19대 국회의원 선거,인천광역시 남동구 갑,국회의원,인천광역시 남동구 갑 국회의원,민주통합당,,
201309000332,박상은,19490901,새누리당,제18대 국회의원,제19대 국회의원 선거,인천광역시 중구동구 옹진군,국회의원,인천광역시 중구동구 옹진군 국회의원,새누리당,,
201309000333,신학용,19520121,민주당,"제18대 국회의원, 제17대 국회의원",제19대 국회의원 선거,인천광역시 계양구 갑,국회의원,인천광역시 계양구 갑 국회의원,민주통합당,,
201309000334,안덕수,19460126,새누리당,,제19대 국회의원 선거,인천광역시 서구 강화군 을,국회의원,인천광역시 서구 강화군 을 국회의원,새누리당,,
201309000335,윤관석,19600817,민주당,,제19대 국회의원 선거,인천광역시 남동구 을,국회의원,인천광역시 남동구 을 국회의원,민주통합당,,
201309000336,윤상현,19621201,새누리당,제18대 국회의원,제19대 국회의원 선거,인천광역시 남구 을,국회의원,인천광역시 남구 을 국회의원,새누리당,,
201309000337,이학재,19640819,새누리당,제18대 국회의원,제19대 국회의원 선거,인천광역시 서구 강화군 갑,국회의원,인천광역시 서구 강화군 갑 국회의원,새누리당,,
201309000338,최원식,19630308,민주당,,제19대 국회의원 선거,인천광역시 계양구 을,국회의원,인천광역시 계양구 을 국회의원,민주통합당,,
201309000339,홍영표,19570430,민주당,,제19대 국회의원 선거,인천광역시 부평구 을,국회의원,인천광역시 부평구 을 국회의원,민주통합당,,
201309000340,홍일표,19560211,새누리당,제18대 국회의원,제19대 국회의원 선거,인천광역시 남구 갑,국회의원,인천광역시 남구 갑 국회의원,새누리당,,
201309000341,황우여,19470803,새누리당,"제18대 국회의원, 제17대 국회의원, 제16대 국회의원",제19대 국회의원 선거,인천광역시 연수구,국회의원,인천광역시 연수구 국회의원,새누리당,,
201309000342,강기정,19641203,민주당,"제18대 국회의원, 제17대 국회의원",제19대 국회의원 선거,광주광역시 북구 갑,국회의원,광주광역시 북구 갑 국회의원,민주통합당,,
201309000343,김동철,19550630,민주당,"제18대 국회의원, 제17대 국회의원",제19대 국회의원 선거,광주광역시 광산구 갑,국회의원,광주광역시 광산구 갑 국회의원,민주통합당,,
201309000344,박주선,19490723,민주당,"제18대 국회의원, 제16대 국회의원",제19대 국회의원 선거,광주광역시 동구,국회의원,광주광역시 동구 국회의원,무소속,,
201309000345,박혜자,19650523,민주당,,제19대 국회의원 선거,광주광역시 서구 갑,국회의원,광주광역시 서구 갑 국회의원,민주통합당,,
201309000346,오병윤,19570626,통합진보당,,제19대 국회의원 선거,광주광역시 서구 을,국회의원,광주광역시 서구 을 국회의원,통합진보당,,
201309000347,이용섭,19510811,민주당,제18대 국회의원,제19대 국회의원 선거,광주광역시 광산구 을,국회의원,광주광역시 광산구 을 국회의원,민주통합당,,
201309000348,임내현,19521221,민주당,,제19대 국회의원 선거,광주광역시 북구 을,국회의원,광주광역시 북구 을 국회의원,민주통합당,,
201309000349,장병완,19520505,민주당,,제19대 국회의원 선거,광주광역시 남구,국회의원,광주광역시 남구 국회의원,민주통합당,,
201309000350,강창희,19460803,새누리당,"제16대 국회의원, 제15대 국회의원, 제14대 국회의원, 제12대 국회의원",제19대 국회의원 선거,대전광역시 중구,국회의원,대전광역시 중구 국회의원,새누리당,,
201309000351,박범계,19630427,민주당,,제19대 국회의원 선거,대전광역시 서구 을,국회의원,대전광역시 서구 을 국회의원,민주통합당,,
201309000352,박병석,19520125,민주당,제18대 국회의원,제19대 국회의원 선거,대전광역시 서구 갑,국회의원,대전광역시 서구 갑 국회의원,민주통합당,,
201309000353,박성효,19550220,새누리당,,제19대 국회의원 선거,대전광역시 대덕구,국회의원,대전광역시 대덕구 국회의원,새누리당,,
201309000354,이상민,19580122,민주당,"제18대 국회의원, 제17대 국회의원",제19대 국회의원 선거,대전광역시 유성구,국회의원,대전광역시 유성구 국회의원,민주통합당,,
201309000355,이장우,19650210,새누리당,,제19대 국회의원 선거,대전광역시 동구,국회의원,대전광역시 동구 국회의원,새누리당,,
201309000356,강길부,19420605,새누리당,"제18대 국회의원, 제17대 국회의원",제19대 국회의원 선거,울산광역시 울주군,국회의원,울산광역시 울주군 국회의원,새누리당,,
201309000357,김기현,19590221,새누리당,"제18대 국회의원, 제17대 국회의원",제19대 국회의원 선거,울산광역시 남구 을,국회의원,울산광역시 남구 을 국회의원,새누리당,,
201309000358,박대동,19510513,새누리당,,제19대 국회의원 선거,울산광역시 북구,국회의원,울산광역시 북구 국회의원,새누리당,,
201309000359,안효대,19550727,새누리당,제18대 국회의원,제19대 국회의원 선거,울산광역시 동구 ,국회의원,울산광역시 동구  국회의원,새누리당,,
201309000360,이채익,19550527,새누리당,,제19대 국회의원 선거,울산광역시 남구 갑,국회의원,울산광역시 남구 갑 국회의원,새누리당,,
201309000361,정갑윤,19501108,새누리당,제18대 국회의원,제19대 국회의원 선거,울산광역시 중구,국회의원,울산광역시 중구 국회의원,새누리당,,
201309000362,이해찬,19520710,민주당,"제17대 국회의원, 제16대 국회의원, 제15대 국회의원, 제14대 국회의원, 제13대 국회의원",제19대 국회의원 선거,세종특별자치시,국회의원,세종특별자치시 국회의원,민주통합당,,
201309000363,김춘진,19530124,민주당,제18대 국회의원,제19대 국회의원 선거,전라북도 고창군부안군,국회의원,전라북도 고창군부안군 국회의원,민주통합당,,
201309000364,고희선,19490921,새누리당,제17대 국회의원,제 19대 국회의원 선거,경기도 화성시 갑,국회의원,경기도 화성시 갑 국회의원,새누리당,,
201309000365,김경협,19621107,민주통합당,,제 19대 국회의원 선거,경기도 부천시 원미구 갑,국회의원,경기도 부천시 원미구 갑 국회의원,민주통합당,,
201309000366,김명연,19640228,새누리당,,제 19대 국회의원 선거,경기도 안산시 단원구 갑,국회의원,경기도 안산시 단원구 갑 국회의원,새누리당,,
201309000367,김미희,19660118,통합진보당,,제 19대 국회의원 선거,경기도 성남시 중원구,국회의원,경기도 서남시 중원구 국회의원,통합진보당,,
201309000368,김민기,19660428,민주통합당,,제 19대 국회의원 선거,경기도 용인시 을,국회의원,경기도 용인시 을 국회의원,민주통합당,,
201309000369,김상희,19540518,민주통합당,제18대 국회의원,제 19대 국회의원 선거,경기도 부천시 소사구,국회의원,경기도 부천시 소사구 국회의원,민주통합당,,
201309000370,김영우,19670120,새누리당,제18대 국회의원,제 19대 국회의원 선거,경기도 포천시 연천군,국회의원,경기도 포천시 연천군 국회의원,새누리당,,
201309000371,김영환,19550527,민주통합당,,제 19대 국회의원 선거,경기도 안산시 상롱구 을,국회의원,경기도 안산시 상롱구 을 국회의원,민주통합당,,
201309000372,김진표,19470504,민주통합당,제18대 국회의원,제 19대 국회의원 선거,경기도 수원시 정,국회의원,경기도 수원시 정 국회의원,민주통합당,,
201309000373,김태년,19650320,민주통합당,제17대 국회의원,제 19대 국회의원 선거,경기도 성남시 수정구,국회의원,경기도 성남시 수정구 국회의원,민주통합당,,
201309000374,김태원,19510319,새누리당,제18대 국회의원,제 19대 국회의원 선거,경기도 고양시 덕양구 을,국회의원,경기도 고양시 덕양구 을 국회의원,새누리당,,
201309000375,김학용,19611210,새누리당,,제 19대 국회의원 선거,경기도 안성시,국회의원,경기도 안성시 국회의원,새누리당,,
201309000376,김현미,19621129,민주통합당,,제 19대 국회의원 선거,경기도 고양시 일산 서구,국회의원,경기도 고양시 일산 서구 국회의원,민주통합당,,
201309000377,남경필,19650120,새누리당,"제18대 국회의원, 제15대 국회의원",제 19대 국회의원 선거,경기도 수원시 병,국회의원,경기도 수원시 병 국회의원,새누리당,,
201309000378,노철래,19500102,새누리당,제18대 국회의원,제 19대 국회의원 선거,경기도 광주시,국회의원,경기도 광주시 국회의원,새누리당,,
201309000379,문희상,19450303,민주통합당,"제18대 국회의원,제17대 국회의원",제 19대 국회의원 선거,경기도 의정부시 갑,국회의원,경기도 의정부시 갑 국회의원,민주통합당,,
201309000380,박기춘,19560501,민주통합당,,제 19대 국회의원 선거,경기도 남양주시 을,국회의원,경기도 남양주시 을 국회의원,민주통합당,,
201309000381,백재현,19510704,민주통합당,,제 19대 국회의원 선거,경기도 광명시 갑,국회의원,경기도 광명시 갑 국회의원,민주통합당,,
201309000382,부좌현,19560513,민주통합당,,제 19대 국회의원 선거,경기도 안산시 단원구 을,국회의원,경기도 안산시 단원구 을 국회의원,민주통합당,,
201309000383,설훈,19530423,민주통합당,제16대 국회의원,제 19대 국회의원 선거,경기도 부천시 원미구 을,국회의원,경기도 부천시 원미구 을 국회의원,민주통합당,,
201309000384,송호창,19670214,민주통합당,,제 19대 국회의원 선거,경기도 의왕시 과천시,국회의원,경기도 의왕시 과천시 국회의원,민주통합당,,
201309000385,신장용,19631201,민주통합당,,제 19대 국회의원 선거,경기도 수원시 을,국회의원,경기도 수원시 을 국회의원,민주통합당,,
201309000386,심상정,19590220,통합진보당,,제 19대 국회의원 선거,경기도 고양시 덕양구 갑,국회의원,경기도 고양시 덕양구 갑 국회의원,통합진보당,,
201309000387,심재철,19580118,새누리당,"제17대 국회의원,제16대 국회의원",제 19대 국회의원 선거,경기도 안양시 동안구 을,국회의원,경기도 안양시 동안구 을,새누리당,,
201309000388,안민석,19660813,민주통합당,,제 19대 국회의원 선거,경기도 오산시,국회의원,경기도 오산시 국회의원,민주통합당,,
201309000389,원유철,19620926,새누리당,"제18대 국회의원,16대 국회의원",제 19대 국회의원 선거,경기도 평택시 갑,국회의원,경기도 평택시 갑 국회의원,새누리당,,
201309000390,원혜영,19510927,민주통합당,,제 19대 국회의원 선거,경기도 부천시 오정구,국회의원,경기도 부천시 오정구 국회의원,민주통합당,,
201309000391,유승우,19481125,새누리당,,제 19대 국회의원 선거,경기도 이천시,국회의원,경기도 이천시 국회의원,새누리당,,
201309000392,유은혜,19621002,민주통합당,,제 19대 국회의원 선거,경기도 고양시 일산 동구,국회의원,경기도 고양시 일산 동구 국회의원,민주통합당,,
201309000393,유정복,19570616,새누리당,18대 용인 수지 국회의원,제 19대 국회의원 선거,경기도 김포시,국회의원,경기도 김포시 국회의원,새누리당,,
201309000394,윤호중,19630327,민주통합당,제17대 국회의원,제 19대 국회의원 선거,경기도 구리시,국회의원,경기도 구리시 국회의원,민주통합당,,
201309000395,윤후덕,19570109,민주통합당,,제 19대 국회의원 선거,경기도 파주시 갑,국회의원,경기도 파주시 갑 국회의원,민주통합당,,
201309000396,이석현,19510316,민주통합당,"제18대 국회의원,제17대 국회의원",제 19대 국회의원 선거,경기도 안양시 동안구 갑,국회의원,경기도 안양시 동안구 갑 국회의원,민주통합당,,
201309000397,이언주,19721108,민주통합당,,제 19대 국회의원 선거,경기도 광명시 을,국회의원,경기도 광명시 을 국회의원,민주통합당,,
201309000398,이우현,19570103,새누리당,,제 19대 국회의원 선거,경기도 용인시 갑,국회의원,경기도 용인시 갑 국회의원,새누리당,,
201309000399,이원욱,19630320,민주통합당,,제 19대 국회의원 선거,경기도 화성시 을,국회의원,경기도 화성시 을 국회의원,민주통합당,,
201309000400,이재영,19560824,새누리,,제 19대 국회의원 선거,경기도 평택시 을,국회의원,경기도 평택시 을 국회의원,새누리,,
201309000401,이종걸,19570522,민주통합당,"제18대 국회의원,제17대 국회의원",제 19대 국회의원 선거,경기도 안양시 만안구,국회의원,경기도 안양시 만안구 국회의원,민주통합당,,
201309000402,이종훈,19600701,새누리당,,제 19대 국회의원 선거,경기도 성남시 분당구 갑,국회의원,경기도 성남시 분당구 갑 국회의원,새누리당,,
201309000403,이찬열,19590715,민주통합당,제18대 국회의원,제 19대 국회의원 선거,경기도 수원시 갑,국회의원,경기도 수원시 갑 국회의원,민주통합당,,
201309000404,이학영,19520416,민주통합당,,제 19대 국회의원 선거,경기도 군포시,국회의원,경기도 군포시 국회의원,민주통합당,,
201309000405,이현재,19490425,새누리당,,제 19대 국회의원 선거,경기도 하남시,국회의원,경기도 하남시 국회의원,새누리당,,
201309000406,전하진,19580902,새누리당,,제 19대 국회의원 선거,경기도 성남시 분당구 을,국회의원,경기도 성남시 분당구 을 국회의원,새누리당,,
201309000407,전해철,19620518,민주통합당,,제 19대 국회의원 선거,경기도 안산시 상록구 갑,국회의원,경기도 안산시 상록구 갑 국회의원,민주통합당,,
201309000408,정병국,19580210,새누리당,18대 국회의원,제 19대 국회의원 선거,경기도 여주군양평군가평군,국회의원,경기도 여주군양평군가평군 국회의원,새누리당,,
201309000409,정성호,19620602,민주통합당,제17대 국회의원,제 19대 국회의원 선거,경기도 양주시 동두천,국회의원,경기도 양주시 동두천 국회의원,민주통합당,,
201309000410,조정식,19631225,민주통합당,18대 국회의원,제 19대 국회의원 선거,경기도 시흥시 을,국회의원,경기도 시흥시 을 국회의원,민주통합당,,
201309000411,최재성,19650909,민주통합당,제18대 국회의원,제 19대 국회의원 선거,경기도 남양주시 갑,국회의원,경기도 남양주시 갑 국회의원,민주통합당,,
201309000412,한선교,19590623,새누리당,18대 용인 수지 국회의원,제 19대 국회의원 선거,경기도 용인시 병,국회의원,경기도 용인시 병 국회의원,새누리당,,
201309000413,함진규,19590813,새누리당,,제 19대 국회의원 선거,경기도 시흥시 갑,국회의원,경기도 시흥시 갑 국회의원,새누리당,,
201309000414,홍문종,19550405,새누리당,,제 19대 국회의원 선거,경기도 의정부시 을,국회의원,경기도 의정부시 을 국회의원,새누리당,,
201309000415,황진하,19460825,새누리당,,제 19대 국회의원 선거,경기도 파주시 을,국회의원,경기도 파주시 을 국회의원,새누리당,,
